eigenvalue,variance.percent,cumulative.variance.percent,PC
2.918497816531997,72.96244541329992,72.96244541329992,1
0.91403047146807,22.850761786701746,95.81320720000167,2
0.146756875571315,3.668921889282874,99.48212908928454,3
0.020714836428619206,0.5178709107154801,100.00000000000001,4
