Eigenvalue,Variance%,CumVariance%,PC
2.918497817,72.96244541,72.96244541,1
0.914030471,22.85076179,95.8132072,2
0.146756876,3.668921889,99.48212909,3
0.020714836,0.517870911,100,4
